{"cameraMode":{"drawMode":0,"name":"Shaded","section":"Shading Mode"},"sceneLighting":true,"audioPlay":false,"sceneViewState":{"m_AlwaysRefresh":true,"showFog":true,"showSkybox":true,"showFlares":true,"showImageEffects":true,"showParticleSystems":true,"showVisualEffectGraphs":true,"m_FxEnabled":true},"in2DMode":false,"pivot":{"x":27.32171058654785,"y":19.288482666015626,"z":22.108591079711915},"rotation":{"x":0.3495444655418396,"y":0.08136655390262604,"z":-0.03048735484480858,"w":0.9328864216804504},"size":17.684837341308595,"orthographic":false}