{"cameraMode":{"drawMode":0,"name":"Shaded","section":"Shading Mode"},"sceneLighting":true,"audioPlay":false,"sceneViewState":{"m_AlwaysRefresh":true,"showFog":true,"showSkybox":true,"showFlares":true,"showImageEffects":true,"showParticleSystems":true,"showVisualEffectGraphs":true,"m_FxEnabled":true},"in2DMode":false,"pivot":{"x":-14.902740478515625,"y":-1.908433437347412,"z":23.539979934692384},"rotation":{"x":0.31884896755218508,"y":0.24900749325752259,"z":-0.08721496164798737,"w":0.9103448987007141},"size":13.94727897644043,"orthographic":false}