{"cameraMode":{"drawMode":0,"name":"Shaded","section":"Shading Mode"},"sceneLighting":true,"audioPlay":false,"sceneViewState":{"m_AlwaysRefresh":true,"showFog":true,"showSkybox":true,"showFlares":true,"showImageEffects":true,"showParticleSystems":true,"showVisualEffectGraphs":true,"m_FxEnabled":true},"in2DMode":false,"pivot":{"x":-15.586174011230469,"y":14.726932525634766,"z":-4.972233772277832},"rotation":{"x":0.3182183802127838,"y":0.2259514033794403,"z":-0.07837933301925659,"w":0.9173566699028015},"size":12.124356269836426,"orthographic":false}