{"cameraMode":{"drawMode":0,"name":"Shaded","section":"Shading Mode"},"sceneLighting":true,"audioPlay":false,"sceneViewState":{"m_AlwaysRefresh":true,"showFog":true,"showSkybox":true,"showFlares":true,"showImageEffects":true,"showParticleSystems":true,"showVisualEffectGraphs":true,"m_FxEnabled":true},"in2DMode":false,"pivot":{"x":10.58868408203125,"y":9.464478492736817,"z":3.4096484184265138},"rotation":{"x":0.4723276197910309,"y":0.014542439952492714,"z":-0.007794251665472984,"w":0.8812742829322815},"size":26.822826385498048,"orthographic":false}